{"pii_f": 0.5006971965360341, "EMAIL_ADDRESS_precision": 1.0, "IBAN_CODE_precision": 1.0, "US_SSN_precision": 1.0, "US_DRIVER_LICENSE_precision": 1.0, "PHONE_NUMBER_precision": 0.94, "PERSON_precision": 0.7112462006079028, "IP_ADDRESS_precision": 1.0, "LOCATION_precision": 0.9053117782909931, "CREDIT_CARD_precision": 1.0, "URL_precision": 1.0, "DATE_TIME_precision": 0.2358604091456077, "EMAIL_ADDRESS_recall": 1.0, "IBAN_CODE_recall": 0.9523809523809523, "US_SSN_recall": 1.0, "US_DRIVER_LICENSE_recall": 0.3333333333333333, "PHONE_NUMBER_recall": 0.5371428571428571, "PERSON_recall": 0.8546384222059897, "IP_ADDRESS_recall": 0.8636363636363636, "LOCATION_recall": 0.10748560460652591, "CREDIT_CARD_recall": 0.7720588235294118, "URL_recall": 0.972972972972973, "DATE_TIME_recall": 0.8949771689497716, "EMAIL_ADDRESS": 49, "IBAN_CODE": 21, "US_SSN": 80, "US_DRIVER_LICENSE": 9, "PHONE_NUMBER": 350, "PERSON": 1369, "IP_ADDRESS": 22, "LOCATION": 3647, "CREDIT_CARD": 136, "URL": 37, "DATE_TIME": 219, "model_name": "Presidio", "execution_time": 103.39387702941895}